PersonID,Name,Gender,Age,MobileNo,Address
P-101,Person_1,Female,21,9886010001,"Beat #2, Indiranagar / Jayanagar, Bengaluru"
P-102,Person_2,Male,22,9886010002,"Beat #3, Indiranagar / Jayanagar, Bengaluru"
P-103,Person_3,Female,23,9886010003,"Beat #4, Indiranagar / Jayanagar, Bengaluru"
P-104,Person_4,Male,24,9886010004,"Beat #5, Indiranagar / Jayanagar, Bengaluru"
P-105,Person_5,Female,25,9886010005,"Beat #1, Indiranagar / Jayanagar, Bengaluru"
P-106,Person_6,Male,26,9886010006,"Beat #2, Indiranagar / Jayanagar, Bengaluru"
P-107,Person_7,Female,27,9886010007,"Beat #3, Indiranagar / Jayanagar, Bengaluru"
P-108,Person_8,Male,28,9886010008,"Beat #4, Indiranagar / Jayanagar, Bengaluru"
P-109,Person_9,Female,29,9886010009,"Beat #5, Indiranagar / Jayanagar, Bengaluru"
P-110,Person_10,Male,30,9886010010,"Beat #1, Indiranagar / Jayanagar, Bengaluru"
P-111,Person_11,Female,31,9886010011,"Beat #2, Indiranagar / Jayanagar, Bengaluru"
P-112,Person_12,Male,32,9886010012,"Beat #3, Indiranagar / Jayanagar, Bengaluru"
P-113,Person_13,Female,33,9886010013,"Beat #4, Indiranagar / Jayanagar, Bengaluru"
P-114,Person_14,Male,34,9886010014,"Beat #5, Indiranagar / Jayanagar, Bengaluru"
P-115,Person_15,Female,35,9886010015,"Beat #1, Indiranagar / Jayanagar, Bengaluru"
P-116,Person_16,Male,36,9886010016,"Beat #2, Indiranagar / Jayanagar, Bengaluru"
P-117,Person_17,Female,37,9886010017,"Beat #3, Indiranagar / Jayanagar, Bengaluru"
P-118,Person_18,Male,38,9886010018,"Beat #4, Indiranagar / Jayanagar, Bengaluru"
P-119,Person_19,Female,39,9886010019,"Beat #5, Indiranagar / Jayanagar, Bengaluru"
P-120,Person_20,Male,40,9886010020,"Beat #1, Indiranagar / Jayanagar, Bengaluru"
P-121,Person_21,Female,41,9886010021,"Beat #2, Indiranagar / Jayanagar, Bengaluru"
P-122,Person_22,Male,42,9886010022,"Beat #3, Indiranagar / Jayanagar, Bengaluru"
P-123,Person_23,Female,43,9886010023,"Beat #4, Indiranagar / Jayanagar, Bengaluru"
P-124,Person_24,Male,44,9886010024,"Beat #5, Indiranagar / Jayanagar, Bengaluru"
P-125,Person_25,Female,45,9886010025,"Beat #1, Indiranagar / Jayanagar, Bengaluru"
P-126,Person_26,Male,46,9886010026,"Beat #2, Indiranagar / Jayanagar, Bengaluru"
P-127,Person_27,Female,47,9886010027,"Beat #3, Indiranagar / Jayanagar, Bengaluru"
P-128,Person_28,Male,48,9886010028,"Beat #4, Indiranagar / Jayanagar, Bengaluru"
P-129,Person_29,Female,49,9886010029,"Beat #5, Indiranagar / Jayanagar, Bengaluru"
P-130,Person_30,Male,50,9886010030,"Beat #1, Indiranagar / Jayanagar, Bengaluru"
